{"cameraMode":{"drawMode":0,"name":"Shaded","section":"Shading Mode"},"sceneLighting":true,"audioPlay":false,"sceneViewState":{"showFog":true,"showMaterialUpdate":false,"showSkybox":false,"showFlares":true,"showImageEffects":true,"showParticleSystems":true},"in2DMode":false,"pivot":{"x":3.0632505416870119,"y":11.085036277770996,"z":-8.071104049682618},"rotation":{"x":-0.11112534254789353,"y":0.7220996022224426,"z":-0.11935596168041229,"w":-0.6722996830940247},"size":1.8052663803100587,"orthographic":false}